id,year,region,country,date_start,date_end,deaths_a,deaths_b,deaths_civilians,deaths_unknown,latitude,longitude
1,2020,Africa,Ethiopia,2020-01-01,2020-01-01,5,10,2,0,9.145,40.4896
2,2020,Middle East,Syria,2020-01-05,2020-01-06,0,0,15,3,34.8021,38.9968
3,2021,Africa,Ethiopia,2021-02-10,2021-02-12,20,15,5,5,13.5,39.5
4,2021,Americas,Mexico,2021-03-15,2021-03-15,0,8,0,0,19.4326,-99.1332
5,2022,Asia,Afghanistan,2022-05-20,2022-05-21,10,10,0,2,34.5553,69.2075
6,2022,Europe,Ukraine,2022-02-24,2022-02-24,50,30,10,10,50.4501,30.5234
7,2022,Europe,Ukraine,2022-03-01,2022-03-05,100,80,50,20,49.9935,36.2304
8,2023,Middle East,Yemen,2023-01-10,2023-01-10,2,3,0,1,15.3694,44.191
9,2023,Africa,Sudan,2023-04-15,2023-04-20,40,40,100,50,15.5007,32.5599
10,2023,Asia,Myanmar,2023-06-12,2023-06-12,5,12,3,2,16.8661,96.1951
